<?xml version="1.0" encoding="UTF-8"?>
<beans xmlns="http://www.springframework.org/schema/beans"
	xmlns:xsi="http://www.w3.org/2001/XMLSchema-instance"
	xmlns:mybatis-spring="http://mybatis.org/schema/mybatis-spring"
	xmlns:context="http://www.springframework.org/schema/context"
	xmlns:task="http://www.springframework.org/schema/task"
	xsi:schemaLocation="http://mybatis.org/schema/mybatis-spring http://mybatis.org/schema/mybatis-spring-1.2.xsd
		http://www.springframework.org/schema/beans https://www.springframework.org/schema/beans/spring-beans.xsd
		http://www.springframework.org/schema/context http://www.springframework.org/schema/context/spring-context-4.3.xsd
		http://www.springframework.org/schema/task http://www.springframework.org/schema/task/spring-task-3.1.xsd" >
	
	<!-- Root Context: defines shared resources visible to all other web components -->
	<bean id="hikariConfig" class="com.zaxxer.hikari.HikariConfig">
		<property name = "driverClassName"
			value="net.sf.log4jdbc.sql.jdbcapi.DriverSpy"></property>
			<property name="jdbcUrl"
				value="jdbc:log4jdbc:mysql://localhost:3306/jeon?serverTimezone=UTC">
				</property>
			<property name="username" value="root"></property>
			<property name="password" value="1111"></property>
	</bean>
	<bean id="dataSource"
			class="com.zaxxer.hikari.HikariDataSource" destroy-method="close">
		<constructor-arg ref="hikariConfig"></constructor-arg>
	</bean>	
	<bean id="sqlSessionFactory" class="org.mybatis.spring.SqlSessionFactoryBean">
		<property name="dataSource" ref="dataSource"></property>
	</bean>
	<mybatis-spring:scan base-package="org.jeon.mapper"/>
	<context:component-scan base-package="org.jeon.service"/>
	<context:component-scan base-package="org.jeon.controller"/>
	<!-- 스케쥴러 파일이 존재하는 패키지 -->
	<context:component-scan base-package="com.jeon.controller"/>
	<!-- 크론탭 설정에 -->
	<task:scheduler id="jobScheduler" pool-size="10"/>
	<task:annotation-driven scheduler="jobScheduler"/>
</beans>
