<?xml version="1.0" encoding="UTF-8" ?>
<!DOCTYPE mapper PUBLIC "-//mybatis.org//DTD Mapper 3.0//EN"
"http://mybatis.org/dtd/mybatis-3-mapper.dtd">

<mapper namespace="org.jeon.mapper.BoardMapper">
	<sql id="search">
		<if test="searchType != null">
			<if test="searchType == 't'.toString()">
				and title like CONCAT('%', #{keyword}, '%')
			</if>
			<if test="searchType == 'w'.toString()">
				and writer like CONCAT('%', #{keyword}, '%')
			</if>
			<if test="searchType == 'c'.toString()">
				and content like CONCAT('%', #{keyword}, '%')
			</if>
			<if test="searchType == 'tc'.toString()">
				and (title like CONCAT('%', #{keyword}, '%')
					OR content like CONCAT('%', #{keyword}, '%'))
			</if>
		</if>
	</sql>
	<select id = "boardList" resultType="org.jeon.domain.BoardVO">
		SELECT bno, title, content, writer, regdate, updatedate 
		FROM board 
	</select>
	
	<insert id="insert">
		INSERT
			board (title, content, writer)
				VALUES
					(#{title}, #{content}, #{writer})
	</insert>
	
	<select id="read" resultType="org.jeon.domain.BoardVO">
		SELECT bno, title, content, writer, regdate 
			FROM board
				WHERE bno = #{bno}
	</select>
	
	<update id="update">
		UPDATE board
			set
		title = #{title},
		content = #{content}
			WHERE
		bno = #{bno}
	</update>
	
	<delete id="delete">
		DELETE FROM board WHERE bno = #{bno}
	</delete>
	
	<select id="listPage" resultType="org.jeon.domain.BoardVO">
		SELECT
			bno, title, content, writer, regdate
		FROM
			board
		WHERE bno > 0
		<include refid="search"></include>	
		ORDER BY bno DESC
		LIMIT #{pageStart} , #{number}
	</select>
	
	<select id="countPageNum" resultType="int">
		SELECT COUNT(bno) FROM board WHERE bno >0
		<include refid="search"></include>		
	</select>
</mapper>	














